"BetId","BetName"
"1","Match Winner"
"2","Home/Away"
"3","Second Half Winner"
"4","Asian Handicap"
"5","Goals Over/Under"
"7","HT/FT Double"
"8","Both Teams Score"
"9","Handicap Result"
"10","Exact Score"
"11","Highest Scoring Half"
"12","Double Chance"
"13","First Half Winner"
"14","Team To Score First"
"15","Team To Score Last"
"16","Total - Home"
"17","Total - Away"
"18","Handicap Result - First Half"
"19","Asian Handicap First Half"
"20","Double Chance - First Half"
"21","Odd/Even"
"22","Odd/Even - First Half"
"23","Home Odd/Even"
"24","Results/Both Teams Score"
"25","Result/Total Goals"
"26","Goals Over/Under - Second Half"
"27","Clean Sheet - Home"
"28","Clean Sheet - Away"
"31","Correct Score - First Half"
"32","Win Both Halves"
"34","Both Teams Score - First Half"
"35","Both Teams To Score - Second Half"
"36","Win To Nil"
"38","Exact Goals Number"
"39","To Win Either Half"
"40","Home Team Exact Goals Number"
"41","Away Team Exact Goals Number"
"42","Second Half Exact Goals Number"
"45","Corners Over Under"
"46","Exact Goals Number - First Half"
"47","Winning Margin"
"48","To Score In Both Halves By Teams"
"49","Total Goals/Both Teams To Score"
"50","Goal Line"
"54","First 10 min Winner"
"56","Corners Asian Handicap"
"57","Home Corners Over/Under"
"58","Away Corners Over/Under"
"60","Away Odd/Even"
"63","Odd/Even - Second Half"
"72","Goal Line (1st Half)"
"77","Total Corners (1st Half)"
"78","RTG_H1"
"85","Total Corners (3 way)"
"92","Anytime Goal Scorer"
"93","First Goal Scorer"
"94","Last Goal Scorer"
"192","Home Highest Scoring Half"
"193","Away Highest Scoring Half"
"218","Away Anytime Goal Scorer"
"219","Away First Goal Scorer"
"222","To Win From Behind"
"226","Away Last Goal Scorer"
"231","Home Anytime Goal Scorer"
"232","Home First Goal Scorer"
"233","Home Last Goal Scorer"
"239","Corners. European Handicap"
"247","Corners Race To"
"249","Multicorners"
"295","Corners. Total (Range)"
"297","Corners. total between 0 and 10m"
"349","Number Of Goals In Match"
