"Page","BookmakerId","Bookmaker","BetId","BetName","Value","Odd"
"1","1","10Bet","8","Both Teams Score","No","2.50"
"1","1","10Bet","8","Both Teams Score","Yes","1.45"
"1","1","10Bet","14","Team To Score First","Away","1.77"
"1","1","10Bet","14","Team To Score First","Draw","15.00"
"1","1","10Bet","14","Team To Score First","Home","2.20"
"1","1","10Bet","14","Team To Score First","No goal","10.00"
"1","1","10Bet","15","Team To Score Last","Away","1.77"
"1","1","10Bet","15","Team To Score Last","Draw","15.00"
"1","1","10Bet","15","Team To Score Last","Home","2.20"
"1","1","10Bet","15","Team To Score Last","No goal","10.00"
"1","1","10Bet","24","Results/Both Teams Score","Away/No","4.50"
"1","1","10Bet","24","Results/Both Teams Score","Away/Yes","3.40"
"1","1","10Bet","24","Results/Both Teams Score","Draw/No","10.00"
"1","1","10Bet","24","Results/Both Teams Score","Draw/Yes","4.33"
"1","1","10Bet","24","Results/Both Teams Score","Home/No","6.50"
"1","1","10Bet","24","Results/Both Teams Score","Home/Yes","4.75"
"1","1","10Bet","34","Both Teams Score - First Half","No","1.25"
"1","1","10Bet","34","Both Teams Score - First Half","Yes","3.50"
"1","1","10Bet","35","Both Teams To Score - Second Half","No","1.50"
"1","1","10Bet","35","Both Teams To Score - Second Half","Yes","2.40"
"1","1","10Bet","49","Total Goals/Both Teams To Score","o/no 2.5","9.50"
"1","1","10Bet","49","Total Goals/Both Teams To Score","o/yes 2.5","1.77"
"1","1","10Bet","49","Total Goals/Both Teams To Score","u/no 2.5","3.20"
"1","1","10Bet","49","Total Goals/Both Teams To Score","u/yes 2.5","6.50"
"1","11","1xBet","8","Both Teams Score","No","2.53"
"1","11","1xBet","8","Both Teams Score","Yes","1.46"
"1","11","1xBet","34","Both Teams Score - First Half","No","1.26"
"1","11","1xBet","34","Both Teams Score - First Half","Yes","3.48"
"1","11","1xBet","35","Both Teams To Score - Second Half","No","1.44"
"1","11","1xBet","35","Both Teams To Score - Second Half","Yes","2.58"
"1","21","888Sport","8","Both Teams Score","No","2.45"
"1","21","888Sport","8","Both Teams Score","Yes","1.50"
"1","8","Bet365","8","Both Teams Score","No","2.50"
"1","8","Bet365","8","Both Teams Score","Yes","1.50"
"1","8","Bet365","14","Team To Score First","Away","1.73"
"1","8","Bet365","14","Team To Score First","Home","2.10"
"1","8","Bet365","14","Team To Score First","No goal","17.00"
"1","8","Bet365","15","Team To Score Last","Away","1.73"
"1","8","Bet365","15","Team To Score Last","Home","2.10"
"1","8","Bet365","15","Team To Score Last","No goal","15.00"
"1","8","Bet365","24","Results/Both Teams Score","Away/No","4.33"
"1","8","Bet365","24","Results/Both Teams Score","Away/Yes","3.60"
"1","8","Bet365","24","Results/Both Teams Score","Draw/No","15.00"
"1","8","Bet365","24","Results/Both Teams Score","Draw/Yes","4.00"
"1","8","Bet365","24","Results/Both Teams Score","Home/No","7.00"
"1","8","Bet365","24","Results/Both Teams Score","Home/Yes","5.50"
"1","8","Bet365","34","Both Teams Score - First Half","No","1.25"
"1","8","Bet365","34","Both Teams Score - First Half","Yes","3.75"
"1","8","Bet365","35","Both Teams To Score - Second Half","No","1.44"
"1","8","Bet365","35","Both Teams To Score - Second Half","Yes","2.62"
"1","8","Bet365","48","To Score In Both Halves By Teams","Away","2.75"
"1","8","Bet365","48","To Score In Both Halves By Teams","Home","3.50"
"1","8","Bet365","49","Total Goals/Both Teams To Score","o/no 2.5","9.00"
"1","8","Bet365","49","Total Goals/Both Teams To Score","o/yes 2.5","1.80"
"1","8","Bet365","49","Total Goals/Both Teams To Score","u/no 2.5","3.20"
"1","8","Bet365","49","Total Goals/Both Teams To Score","u/yes 2.5","7.00"
"1","32","Betano","8","Both Teams Score","No","2.50"
"1","32","Betano","8","Both Teams Score","Yes","1.50"
"1","32","Betano","24","Results/Both Teams Score","Away/No","4.50"
"1","32","Betano","24","Results/Both Teams Score","Away/Yes","3.40"
"1","32","Betano","24","Results/Both Teams Score","Draw/No","11.50"
"1","32","Betano","24","Results/Both Teams Score","Draw/Yes","4.05"
"1","32","Betano","24","Results/Both Teams Score","Home/No","6.70"
"1","32","Betano","24","Results/Both Teams Score","Home/Yes","4.80"
"1","32","Betano","34","Both Teams Score - First Half","No","1.29"
"1","32","Betano","34","Both Teams Score - First Half","Yes","3.40"
"1","32","Betano","35","Both Teams To Score - Second Half","No","1.50"
"1","32","Betano","35","Both Teams To Score - Second Half","Yes","2.47"
"1","32","Betano","111","Home team will score in both halves","No","1.29"
"1","32","Betano","111","Home team will score in both halves","Yes","3.40"
"1","32","Betano","112","Away team will score in both halves","No","1.44"
"1","32","Betano","112","Away team will score in both halves","Yes","2.67"
"1","3","Betfair","8","Both Teams Score","No","2.60"
"1","3","Betfair","8","Both Teams Score","Yes","1.44"
"1","36","BetVictor","8","Both Teams Score","No","2.55"
"1","36","BetVictor","8","Both Teams Score","Yes","1.45"
"1","2","Marathonbet","8","Both Teams Score","No","2.49"
"1","2","Marathonbet","8","Both Teams Score","Yes","1.46"
"1","2","Marathonbet","14","Team To Score First","Away","1.72"
"1","2","Marathonbet","14","Team To Score First","Draw","19.25"
"1","2","Marathonbet","14","Team To Score First","Home","2.15"
"1","2","Marathonbet","14","Team To Score First","No goal","17.50"
"1","2","Marathonbet","15","Team To Score Last","Away","1.73"
"1","2","Marathonbet","15","Team To Score Last","Draw","19.25"
"1","2","Marathonbet","15","Team To Score Last","Home","2.14"
"1","2","Marathonbet","15","Team To Score Last","No goal","17.50"
"1","2","Marathonbet","34","Both Teams Score - First Half","No","1.25"
"1","2","Marathonbet","34","Both Teams Score - First Half","Yes","3.48"
"1","2","Marathonbet","35","Both Teams To Score - Second Half","No","1.43"
"1","2","Marathonbet","35","Both Teams To Score - Second Half","Yes","2.58"
"1","2","Marathonbet","43","Home Team Score a Goal","No","3.64"
"1","2","Marathonbet","43","Home Team Score a Goal","Yes","1.23"
"1","2","Marathonbet","44","Away Team Score a Goal","No","5.10"
"1","2","Marathonbet","44","Away Team Score a Goal","Yes","1.12"
"1","2","Marathonbet","111","Home team will score in both halves","No","1.25"
"1","2","Marathonbet","111","Home team will score in both halves","Yes","3.48"
"1","2","Marathonbet","112","Away team will score in both halves","No","1.41"
"1","2","Marathonbet","112","Away team will score in both halves","Yes","2.64"
"1","2","Marathonbet","113","Both Teams To Score in Both Halves","No","1.03"
"1","2","Marathonbet","113","Both Teams To Score in Both Halves","Yes","8.90"
"1","2","Marathonbet","185","First Team to Score (3 way) 1st Half","Away","2.23"
"1","2","Marathonbet","185","First Team to Score (3 way) 1st Half","Draw","3.58"
"1","2","Marathonbet","185","First Team to Score (3 way) 1st Half","Home","2.80"
"1","2","Marathonbet","185","First Team to Score (3 way) 1st Half","No goal","3.34"
"1","34","Superbet","8","Both Teams Score","No","2.50"
"1","34","Superbet","8","Both Teams Score","Yes","1.50"
"1","34","Superbet","34","Both Teams Score - First Half","No","1.28"
"1","34","Superbet","34","Both Teams Score - First Half","Yes","3.45"
"1","34","Superbet","35","Both Teams To Score - Second Half","No","1.45"
"1","34","Superbet","35","Both Teams To Score - Second Half","Yes","2.65"
"1","16","Unibet","8","Both Teams Score","No","2.40"
"1","16","Unibet","8","Both Teams Score","Yes","1.46"
"1","7","William Hill","8","Both Teams Score","No","2.45"
"1","7","William Hill","8","Both Teams Score","Yes","1.50"
"1","7","William Hill","24","Results/Both Teams Score","Away/Yes","3.60"
"1","7","William Hill","24","Results/Both Teams Score","Draw/Yes","4.33"
"1","7","William Hill","24","Results/Both Teams Score","Home/Yes","5.00"
"1","7","William Hill","34","Both Teams Score - First Half","No","1.25"
"1","7","William Hill","34","Both Teams Score - First Half","Yes","3.60"
"1","7","William Hill","35","Both Teams To Score - Second Half","No","1.44"
"1","7","William Hill","35","Both Teams To Score - Second Half","Yes","2.62"
"1","7","William Hill","43","Home Team Score a Goal","No","3.40"
"1","7","William Hill","43","Home Team Score a Goal","Yes","1.25"
"1","7","William Hill","44","Away Team Score a Goal","No","4.80"
"1","7","William Hill","44","Away Team Score a Goal","Yes","1.15"
"1","7","William Hill","111","Home team will score in both halves","No","1.25"
"1","7","William Hill","111","Home team will score in both halves","Yes","3.40"
"1","7","William Hill","112","Away team will score in both halves","No","1.40"
"1","7","William Hill","112","Away team will score in both halves","Yes","2.75"
"1","7","William Hill","114","Home Team Score a Goal (1st Half)","No","1.75"
"1","7","William Hill","114","Home Team Score a Goal (1st Half)","Yes","1.95"
"1","7","William Hill","115","Home Team Score a Goal (2nd Half)","No","2.05"
"1","7","William Hill","115","Home Team Score a Goal (2nd Half)","Yes","1.70"
"1","7","William Hill","116","Away Team Score a Goal (1st Half)","No","1.95"
"1","7","William Hill","116","Away Team Score a Goal (1st Half)","Yes","1.75"
"1","7","William Hill","117","Away Team Score a Goal (2nd Half)","No","2.30"
"1","7","William Hill","117","Away Team Score a Goal (2nd Half)","Yes","1.53"
