"slug","searched","expected_country","league_id","league_name","league_type","country","active_seasons"
"2-bundesliga","2. Bundesliga","Germany","79","2. Bundesliga","League","Germany","2026"
"afc-champions-league","AFC Champions League","World","17","AFC Champions League Elite","Cup","World","2026"
"afc-champions-league","AFC Champions League","World","18","AFC Champions League Two","Cup","World","2026"
"afcon","Africa Cup of Nations","World","6","Africa Cup of Nations","Cup","World","2025"
"afcon","Africa Cup of Nations","World","36","Africa Cup of Nations - Qualification","Cup","World","2027"
"afcon","Africa Cup of Nations","World","538","Africa Cup of Nations U20","Cup","World","2025"
"afcon","Africa Cup of Nations","World","922","Africa Cup of Nations - Women","Cup","World","2025"
"bundesliga","Bundesliga","Germany","78","Bundesliga","League","Germany","2026"
"bundesliga","Bundesliga","Germany","79","2. Bundesliga","League","Germany","2026"
"bundesliga","Bundesliga","Germany","82","Frauen Bundesliga","League","Germany","2026"
"bundesliga","Bundesliga","Germany","218","Bundesliga","League","Austria","2026"
"bundesliga","Bundesliga","Germany","488","U19 Bundesliga","League","Germany","2026"
"bundesliga","Bundesliga","Germany","1034","2. Frauen Bundesliga","League","Germany","2026"
"concacaf","CONCACAF","World","16","CONCACAF Champions League","Cup","World","2026"
"concacaf","CONCACAF","World","22","CONCACAF Gold Cup","Cup","World","2025"
"concacaf","CONCACAF","World","31","World Cup - Qualification CONCACAF","Cup","World","2026"
"concacaf","CONCACAF","World","534","CONCACAF Caribbean Club Shield","Cup","World","2026"
"concacaf","CONCACAF","World","536","CONCACAF Nations League","Cup","World","2024"
"concacaf","CONCACAF","World","537","CONCACAF U20","Cup","World","2026"
"concacaf","CONCACAF","World","767","CONCACAF League","Cup","World","2022"
"concacaf","CONCACAF","World","808","CONCACAF Nations League - Qualification","Cup","World","2018"
"concacaf","CONCACAF","World","856","CONCACAF Caribbean Club Championship","Cup","World","2026"
"concacaf","CONCACAF","World","858","CONCACAF Gold Cup - Qualification","Cup","World","2025"
"concacaf","CONCACAF","World","881","Olympics Men - Qualification Concacaf","Cup","World","2020"
"concacaf","CONCACAF","World","912","CONCACAF Women U17","Cup","World","2026"
"concacaf","CONCACAF","World","927","World Cup - Women - Qualification Concacaf","Cup","World","2026"
"concacaf","CONCACAF","World","963","CONCACAF U17","Cup","World","2025"
"concacaf","CONCACAF","World","1001","CONCACAF Women U20","Cup","World","2025"
"concacaf","CONCACAF","World","1028","CONCACAF Central American Cup","Cup","World","2026"
"concacaf","CONCACAF","World","1046","CONCACAF Gold Cup - Qualification - Women","Cup","World","2024"
"concacaf","CONCACAF","World","1057","CONCACAF Gold Cup - Women","Cup","World","2024"
"concacaf","CONCACAF","World","1066","CONCACAF U20 - Qualification","Cup","World","2025"
"concacaf","CONCACAF","World","1136","CONCACAF W Champions Cup","Cup","World","2025"
"concacaf","CONCACAF","World","1207","CONCACAF Series","Cup","World","2026"
"copa-america","Copa America","World","9","Copa America","Cup","World","2024"
"copa-america","Copa America","World","926","Copa America Femenina","Cup","World","2025"
"copa-libertadores","CONMEBOL Libertadores","World","13","CONMEBOL Libertadores","Cup","World","2026"
"copa-libertadores","CONMEBOL Libertadores","World","540","CONMEBOL Libertadores U20","Cup","World","2026"
"copa-libertadores","CONMEBOL Libertadores","World","949","CONMEBOL Libertadores Femenina","Cup","World","2025"
"efl-championship","Championship","England","4","Euro Championship","Cup","World","2024"
"efl-championship","Championship","England","19","African Nations Championship","Cup","World","2024"
"efl-championship","Championship","England","23","EAFF E-1 Football Championship","Cup","World","2025"
"efl-championship","Championship","England","24","ASEAN Championship","Cup","World","2025"
"efl-championship","Championship","England","28","SAFF Championship","Cup","World","2023"
"efl-championship","Championship","England","38","UEFA U21 Championship","Cup","World","2025"
"efl-championship","Championship","England","40","Championship","League","England","2026"
"efl-championship","Championship","England","111","FAW Championship","League","Wales","2026"
"efl-championship","Championship","England","180","Championship","League","Scotland","2026"
"efl-championship","Championship","England","238","Youth Championship","League","Russia","2026"
"efl-championship","Championship","England","255","USL Championship","League","USA","2026"
"efl-championship","Championship","England","259","Canadian Championship","Cup","Canada","2026"
"efl-championship","Championship","England","407","Championship","League","Northern-Ireland","2026"
"efl-championship","Championship","England","493","UEFA U19 Championship","Cup","World","2026"
"efl-championship","Championship","England","699","Women's Championship","League","England","2026"
"efl-championship","Championship","England","743","UEFA Championship - Women","Cup","World","2025"
"efl-championship","Championship","England","771","COSAFA U20 Championship","Cup","World","2025"
"efl-championship","Championship","England","850","UEFA U21 Championship - Qualification","Cup","World","2027"
"efl-championship","Championship","England","856","CONCACAF Caribbean Club Championship","Cup","World","2026"
"efl-championship","Championship","England","886","UEFA U17 Championship - Qualification","Cup","World","2027"
"efl-championship","Championship","England","893","UEFA U19 Championship - Qualification","Cup","World","2027"
"efl-championship","Championship","England","908","ASEAN Championship U23","Cup","World","2025"
"efl-championship","Championship","England","918","UEFA U19 Championship - Women","Cup","World","2026"
"efl-championship","Championship","England","921","UEFA U17 Championship","Cup","World","2026"
"efl-championship","Championship","England","928","ASEAN Championship U19","Cup","World","2025"
"efl-championship","Championship","England","934","Arab Championship - U20","Cup","World","2022"
"efl-championship","Championship","England","960","Euro Championship - Qualification","Cup","World","2023"
"efl-championship","Championship","England","987","U18 Premier League - Championship","League","England","2025"
"efl-championship","Championship","England","992","Football League - Championship","League","Scotland","2024"
"efl-championship","Championship","England","999","Serie D - Championship Round","League","Italy","2025"
"efl-championship","Championship","England","1056","National League - Championship - Final","League","New-Zealand","2025"
"efl-championship","Championship","England","1077","WAFF Championship U23","Cup","World","2025"
"efl-championship","Championship","England","1083","UEFA Championship - Women - Qualification","Cup","World","2025"
"efl-championship","Championship","England","1091","Tasmania Northern Championship","League","Australia","2026"
"efl-championship","Championship","England","1093","Tasmania Southern Championship","League","Australia","2026"
"efl-championship","Championship","England","1102","UEFA U17 Championship - Women","Cup","World","2026"
"efl-championship","Championship","England","1122","OFC U19 Championship","Cup","World","2024"
"efl-championship","Championship","England","1129","ASEAN Club Championship","Cup","World","2026"
"efl-championship","Championship","England","1159","CECAFA U20 Championship","Cup","World","2024"
"efl-championship","Championship","England","1163","African Nations Championship - Qualification","Cup","World","2024"
"efl-championship","Championship","England","1169","EAFF E-1 Football Championship - Qualification","Cup","World","2025"
"efl-championship","Championship","England","1188","EAFF E-1 Football Championship - Women","Cup","World","2025"
"efl-championship","Championship","England","1189","Asean Championship Women","Cup","World","2026"
"efl-championship","Championship","England","1202","Australian Championship","Cup","Australia","2025"
"fifa-world-cup","World Cup","World","1","World Cup","Cup","World","2026"
"fifa-world-cup","World Cup","World","8","World Cup - Women","Cup","World","2023"
"fifa-world-cup","World Cup","World","15","FIFA Club World Cup","Cup","World","2025"
"fifa-world-cup","World Cup","World","29","World Cup - Qualification Africa","Cup","World","2023"
"fifa-world-cup","World Cup","World","30","World Cup - Qualification Asia","Cup","World","2026"
"fifa-world-cup","World Cup","World","31","World Cup - Qualification CONCACAF","Cup","World","2026"
"fifa-world-cup","World Cup","World","32","World Cup - Qualification Europe","Cup","World","2024"
"fifa-world-cup","World Cup","World","33","World Cup - Qualification Oceania","Cup","World","2026"
"fifa-world-cup","World Cup","World","34","World Cup - Qualification South America","Cup","World","2026"
"fifa-world-cup","World Cup","World","37","World Cup - Qualification Intercontinental Play-offs","Cup","World","2026"
"fifa-world-cup","World Cup","World","490","World Cup - U20","Cup","World","2025"
"fifa-world-cup","World Cup","World","587","World Cup - U17","Cup","World","2026"
"fifa-world-cup","World Cup","World","880","World Cup - Women - Qualification Europe","Cup","World","2027"
"fifa-world-cup","World Cup","World","920","World Cup - U20 - Women","Cup","World","2024"
"fifa-world-cup","World Cup","World","927","World Cup - Women - Qualification Concacaf","Cup","World","2026"
"fifa-world-cup","World Cup","World","950","World Cup - U17 - Women","Cup","World","2026"
"fifa-world-cup","World Cup","World","1186","FIFA Club World Cup - Play-In","Cup","World","2025"
"fifa-world-cup","World Cup","World","1213","Kings World Cup Nations","Cup","World","2026"
"laliga","La Liga","Spain","140","La Liga","League","Spain","2026"
"laliga","La Liga","Spain","1032","Copa de la Liga Profesional","League","Argentina","2024"
"laliga","La Liga","Spain","1212","Copa De La Liga Auf","Cup","Uruguay","2026"
"laliga","La Liga","Spain","1220","Copa De La Liga","Cup","Chile","2026"
"laliga","La Liga","Spain","1232","Copa De La Liga","Cup","Peru","2026"
"ligue-1","Ligue 1","France","61","Ligue 1","League","France","2026"
"ligue-1","Ligue 1","France","186","Ligue 1","League","Algeria","2026"
"ligue-1","Ligue 1","France","202","Ligue 1","League","Tunisia","2026"
"ligue-1","Ligue 1","France","378","Ligue 1","League","Guinea","2025"
"ligue-1","Ligue 1","France","386","Ligue 1","League","Ivory-Coast","2025"
"ligue-1","Ligue 1","France","403","Ligue 1","League","Senegal","2025"
"ligue-1","Ligue 1","France","423","Ligue 1","League","Burkina-Faso","2025"
"ligue-1","Ligue 1","France","424","Ligue 1","League","Congo-DR","2025"
"ligue-1","Ligue 1","France","844","Ligue 1","League","Congo","2025"
"ligue-2","Ligue 2","France","62","Ligue 2","League","France","2026"
"ligue-2","Ligue 2","France","187","Ligue 2","League","Algeria","2025"
"ligue-2","Ligue 2","France","828","Ligue 2","League","Tunisia","2025"
"premier-league","Premier League","England","39","Premier League","League","England","2026"
"premier-league","Premier League","England","110","Premier League","League","Wales","2026"
"premier-league","Premier League","England","116","Premier League","League","Belarus","2026"
"premier-league","Premier League","England","191","Brisbane Premier League","League","Australia","2025"
"premier-league","Premier League","England","193","Northern Territory Premier League","League","Australia","2025"
"premier-league","Premier League","England","233","Premier League","League","Egypt","2026"
"premier-league","Premier League","England","235","Premier League","League","Russia","2026"
"premier-league","Premier League","England","276","FKF Premier League","League","Kenya","2025"
"premier-league","Premier League","England","279","Premier League","League","Malaysia","2022"
"premier-league","Premier League","England","322","Premier League","League","Jamaica","2025"
"premier-league","Premier League","England","330","Premier League","League","Kuwait","2025"
"premier-league","Premier League","England","333","Premier League","League","Ukraine","2026"
"premier-league","Premier League","England","342","Premier League","League","Armenia","2026"
"premier-league","Premier League","England","363","Premier League","League","Ethiopia","2025"
"premier-league","Premier League","England","368","Premier League","League","Singapore","2026"
"premier-league","Premier League","England","380","Premier League","League","Hong-Kong","2026"
"premier-league","Premier League","England","389","Premier League","League","Kazakhstan","2026"
"premier-league","Premier League","England","390","Premier League","League","Lebanon","2025"
"premier-league","Premier League","England","393","Premier League","League","Malta","2026"
"premier-league","Premier League","England","398","Premier League","League","Bangladesh","2026"
"premier-league","Premier League","England","402","Sudani Premier League","League","Sudan","2026"
"premier-league","Premier League","England","409","Premier League","League","Namibia","2018"
"premier-league","Premier League","England","412","Premier League","League","Botswana","2025"
"premier-league","Premier League","England","414","Premier League","League","Bermuda","2024"
"premier-league","Premier League","England","416","Premier League","League","Belize","2025"
"premier-league","Premier League","England","417","Premier League","League","Bahrain","2026"
"premier-league","Premier League","England","422","Premier League","League","Barbados","2026"
"premier-league","Premier League","England","425","Premier League","League","Syria","2025"
"premier-league","Premier League","England","479","Canadian Premier League","League","Canada","2026"
"premier-league","Premier League","England","569","Premier League","League","Kyrgyzstan","2026"
"premier-league","Premier League","England","570","Premier League","League","Ghana","2026"
"premier-league","Premier League","England","584","Premier League","League","Libya","2025"
"premier-league","Premier League","England","585","Premier League","League","Uganda","2025"
"premier-league","Premier League","England","586","West Bank Premier League","League","Palestine","2023"
"premier-league","Premier League","England","589","Taiwan Football Premier League","League","Chinese-Taipei","2025"
"premier-league","Premier League","England","695","U18 Premier League - North","League","England","2025"
"premier-league","Premier League","England","696","U18 Premier League - South","League","England","2025"
"premier-league","Premier League","England","702","Premier League 2 Division One","League","England","2025"
"premier-league","Premier League","England","762","Premier League","League","Mauritania","2025"
"premier-league","Premier League","England","764","Premier League","League","Mongolia","2026"
"premier-league","Premier League","England","769","Premier League Asia Trophy","Cup","World","2019"
"premier-league","Premier League","England","833","Queensland Premier League","League","Australia","2026"
"premier-league","Premier League","England","846","Somali Premier League","League","Somalia","2024"
"premier-league","Premier League","England","847","Premier League","League","Eswatini","2025"
"premier-league","Premier League","England","855","Dhivehi Premier League","League","Maldives","2023"
"premier-league","Premier League","England","868","Premier League","League","Pakistan","2021"
"premier-league","Premier League","England","870","Premier League","League","Crimea",""
"premier-league","Premier League","England","871","Premier League Cup","Cup","England","2025"
"premier-league","Premier League","England","962","Premier League","League","Lesotho","2025"
"premier-league","Premier League","England","987","U18 Premier League - Championship","League","England","2025"
"premier-league","Premier League","England","1022","Premier League - Summer Series","League","England","2025"
"premier-league","Premier League","England","1031","Premier League","League","Bhutan","2026"
"premier-league","Premier League","England","1039","Premier League International Cup","Cup","World","2025"
"premier-league","Premier League","England","1226","Victoria Premier League 2","League","Australia","2026"
"premier-league","Premier League","England","1227","Premier League Women","League","Saudi-Arabia","2026"
"segunda-division","Segunda Division","Spain","141","Segunda División","League","Spain","2026"
"segunda-division","Segunda Division","Spain","269","Segunda División","League","Uruguay","2026"
"segunda-division","Segunda Division","Spain","282","Segunda División","League","Peru","2026"
"segunda-division","Segunda Division","Spain","300","Segunda División","League","Venezuela","2026"
"segunda-division","Segunda Division","Spain","711","Segunda División","League","Chile","2026"
"segunda-division","Segunda Division","Spain","875","Segunda División RFEF - Group 1","League","Spain","2026"
"segunda-division","Segunda Division","Spain","876","Segunda División RFEF - Group 2","League","Spain","2026"
"segunda-division","Segunda Division","Spain","877","Segunda División RFEF - Group 3","League","Spain","2026"
"segunda-division","Segunda Division","Spain","878","Segunda División RFEF - Group 4","League","Spain","2026"
"segunda-division","Segunda Division","Spain","879","Segunda División RFEF - Group 5","League","Spain","2026"
"segunda-division","Segunda Division","Spain","1000","Segunda División RFEF - Play-offs","League","Spain","2025"
"serie-a","Serie A","Italy","71","Serie A","League","Brazil","2026"
"serie-a","Serie A","Italy","135","Serie A","League","Italy","2026"
"serie-a","Serie A","Italy","139","Serie A Women","League","Italy","2026"
"serie-a","Serie A","Italy","722","Liga Premier Serie A","League","Mexico","2025"
"serie-a","Serie A","Italy","1198","Serie A Cup Women","Cup","Italy","2026"
"serie-b","Serie B","Italy","72","Serie B","League","Brazil","2026"
"serie-b","Serie B","Italy","136","Serie B","League","Italy","2026"
"serie-b","Serie B","Italy","243","Liga Pro Serie B","League","Ecuador","2026"
"serie-b","Serie B","Italy","872","Liga Premier Serie B","League","Mexico","2025"
"serie-b","Serie B","Italy","1098","Paulista Série B","League","Brazil","2026"
"uefa-champions-league","UEFA Champions League","World","2","UEFA Champions League","Cup","World","2026"
"uefa-champions-league","UEFA Champions League","World","525","UEFA Champions League Women","Cup","World","2026"
"uefa-conference-league","UEFA Europa Conference League","World","848","UEFA Europa Conference League","Cup","World","2026"
"uefa-euro","Euro Championship","World","4","Euro Championship","Cup","World","2024"
"uefa-euro","Euro Championship","World","960","Euro Championship - Qualification","Cup","World","2023"
"uefa-europa-league","UEFA Europa League","World","3","UEFA Europa League","Cup","World","2026"
"uefa-nations-league","UEFA Nations League","World","5","UEFA Nations League","Cup","World","2026"
"uefa-nations-league","UEFA Nations League","World","1040","UEFA Nations League - Women","Cup","World","2025"
"uefa-super-cup","UEFA Super Cup","World","531","UEFA Super Cup","Cup","World","2026"
